Date,High,Low,Open,Close,Volume,Adj Close
2021-01-04,19.100000381469727,17.149999618530273,19.0,17.25,10022500,17.25
2021-01-05,18.079999923706055,17.229999542236328,17.350000381469727,17.3700008392334,4961500,17.3700008392334
2021-01-06,18.979999542236328,17.329999923706055,17.34000015258789,18.360000610351562,6056200,18.360000610351562
2021-01-07,19.450000762939453,18.020000457763672,18.469999313354492,18.079999923706055,6129300,18.079999923706055
2021-01-08,18.299999237060547,17.079999923706055,18.18000030517578,17.690000534057617,6482000,17.690000534057617
2021-01-11,20.649999618530273,19.010000228881836,19.40999984741211,19.940000534057617,14927600,19.940000534057617
2021-01-12,20.399999618530273,19.31999969482422,19.959999084472656,19.950000762939453,7060700,19.950000762939453
2021-01-13,38.650001525878906,20.030000686645508,20.420000076293945,31.399999618530273,144501700,31.399999618530273
2021-01-14,43.060001373291016,33.04999923706055,38.09000015258789,39.90999984741211,93717400,39.90999984741211
2021-01-15,40.75,34.0099983215332,38.4900016784668,35.5,46866400,35.5
2021-01-19,45.52000045776367,36.63999938964844,41.54999923706055,39.36000061035156,74721900,39.36000061035156
2021-01-20,41.189998626708984,36.060001373291016,37.369998931884766,39.119998931884766,33471800,39.119998931884766
2021-01-21,44.75,37.0,39.22999954223633,43.029998779296875,57079800,43.029998779296875
2021-01-22,76.76000213623047,42.31999969482422,42.59000015258789,65.01000213623047,197157900,65.01000213623047
2021-01-25,159.17999267578125,61.130001068115234,96.7300033569336,76.79000091552734,177874000,76.79000091552734
2021-01-26,150.0,80.19999694824219,88.55999755859375,147.97999572753906,178588000,147.97999572753906
2021-01-27,380.0,249.0,354.8299865722656,347.510009765625,93396700,347.510009765625
2021-01-28,483.0,112.25,265.0,193.60000610351562,58815800,193.60000610351562
2021-01-29,413.9800109863281,250.0,379.7099914550781,325.0,50259200,325.0
2021-02-01,322.0,212.0,316.55999755859375,225.0,37382200,225.0
2021-02-02,158.0,74.22000122070312,140.75999450683594,90.0,78183100,90.0
2021-02-03,113.4000015258789,85.25,112.01000213623047,92.41000366210938,42698500,92.41000366210938
2021-02-04,91.5,53.33000183105469,91.19000244140625,53.5,62427300,53.5
2021-02-05,95.0,51.09000015258789,54.040000915527344,63.77000045776367,80886300,63.77000045776367
2021-02-08,72.66000366210938,58.02000045776367,72.41000366210938,60.0,25687300,60.0
2021-02-09,57.0,46.52000045776367,56.61000061035156,50.310001373291016,26843100,50.310001373291016
2021-02-10,62.83000183105469,46.54999923706055,50.77000045776367,51.20000076293945,36455000,51.20000076293945
2021-02-11,55.31999969482422,48.220001220703125,50.0099983215332,51.099998474121094,12997400,51.099998474121094
2021-02-12,55.2400016784668,48.04999923706055,50.75,52.400001525878906,14498000,52.400001525878906
2021-02-16,53.5,49.040000915527344,52.65999984741211,49.5099983215332,8175000,49.5099983215332
2021-02-17,51.189998626708984,44.560001373291016,49.77000045776367,45.939998626708984,9186800,45.939998626708984
2021-02-18,48.869998931884766,40.650001525878906,48.4900016784668,40.689998626708984,23990600,40.689998626708984
2021-02-19,43.88999938964844,38.5,41.279998779296875,40.59000015258789,14828200,40.59000015258789
2021-02-22,48.5099983215332,42.400001525878906,46.689998626708984,46.0,19476000,46.0
2021-02-23,46.22999954223633,40.0,44.970001220703125,44.970001220703125,7565200,44.970001220703125
2021-02-24,91.70999908447266,44.70000076293945,44.70000076293945,91.70999908447266,83111700,91.70999908447266
2021-02-25,184.67999267578125,101.0,169.55999755859375,108.7300033569336,150308800,108.7300033569336
2021-02-26,142.89999389648438,86.0,117.45999908447266,101.73999786376953,91963000,101.73999786376953
